Date,Phase,muscle_group,Exercise,Weight (lbs),Set Number,Reps,Bodyweight,Notes:
2025-01-09,Bulk,Legs,Hack Squats,270,1,12,NA,do not account for machine weight
2025-01-09,Bulk,Legs,Hack Squats,270,2,10,NA,do not account for machine weight
2025-01-09,Bulk,Legs,Hack Squats,270,3,8,NA,do not account for machine weight
2025-01-09,Bulk,Legs,Seated Leg Curls,160,1,10,NA,
2025-01-09,Bulk,Legs,Seated Leg Curls,160,2,10,NA,
2025-01-09,Bulk,Legs,Seated Leg Curls,160,3,8,NA,
2025-01-09,Bulk,Legs ,Leg Extensions,180,1,10,NA,
2025-01-09,Bulk,Legs ,Leg Extensions,180,2,10,NA,
2025-01-09,Bulk,Legs,Standing Calf Raises,220,1,12,NA,
2025-01-09,Bulk,Legs,Standing Calf Raises,220,2,10,NA,
2025-01-09,Bulk,Legs,Standing Calf Raises,220,3,12,NA,
2025-01-10,Bulk,Push,Bench Press,205,1,8,NA,misgrooved twice
2025-01-10,Bulk,Push,Bench Press,205,2,4,NA,misgrooved twice
2025-01-10,Bulk,Push,Bench Press,205,3,3,NA,
2025-01-10,Bulk,Push,Weighted Dips,45,1,8,NA,
2025-01-10,Bulk,Push,Weighted Dips,45,2,8,NA,
2025-01-10,Bulk,Push,Weighted Dips,45,3,8,NA,
2025-01-10,Bulk,Pull,Barbell Rows,225,1,8,NA,
2025-01-10,Bulk,Pull,Barbell Rows,205,2,7.5,NA,
2025-01-10,Bulk,Pull,Barbell Rows,205,3,7.5,NA,
2025-01-10,Bulk,Pull,Isolated Seated Machine Rows,80,1,10,NA,
2025-01-10,Bulk,Pull,Isolated Seated Machine Rows,90,2,8,NA,
2025-01-12,Bulk,Pull,Barbell Rows,225,1,6,NA,
2025-01-12,Bulk,Pull,Barbell Rows,205,2,8,NA,
2025-01-12,Bulk,Pull,Pullups,0,1,12,NA,bodyweight is NA
2025-01-12,Bulk,Pull,Pullups,0,2,9,NA,bodyweight is NA
2025-01-12,Bulk,Pull,Pullups,0,3,7,NA,bodyweight is NA
2025-01-12,Bulk,Pull,Rope Rear Delts,80,1,NA,NA,didn’t track reps went to failure
2025-01-12,Bulk,Pull,Rope Rear Delts,80,2,NA,NA,didn’t track reps went to failure
2025-01-12,Bulk,Pull,Rope Rear Delts,80,3,NA,NA,didn’t track reps went to failure
2025-01-12,Bulk,Push,Rope Pushdown Tricep,90,1,8,NA,
2025-01-12,Bulk,Push,Rope Pushdown Tricep,90,2,7,NA,
2025-01-12,Bulk,Push,Rope Pushdown Tricep,90,3,7,NA,
2025-01-13,Bulk,Push,Smith Machine Incline Press,160,1,8,NA,do not account for machine weight
2025-01-13,Bulk,Push,Smith Machine Incline Press,160,2,7,NA,do not account for machine weight
2025-01-13,Bulk,Push,Smith Machine Incline Press,160,3,6,NA,do not account for machine weight
2025-01-13,Bulk,Push,Weighted Dips,55,1,8,NA,
2025-01-13,Bulk,Push,Weighted Dips,70,2,8,NA,
2025-01-13,Bulk,Push,Weighted Dips,70,3,8,NA,
2025-01-13,Bulk,Pull,Standing Dumbell Curls,35,1,8,NA,
2025-01-13,Bulk,Pull,Standing Dumbell Curls,40,2,8,NA,
2025-01-13,Bulk,Pull,Standing Dumbell Curls,40,3,7,NA,
2025-01-13,Bulk,Pull,Standing Dumbell Hammer Curls,45,1,18,NA,Alternating
2025-01-13,Bulk,Pull,Standing Dumbell Hammer Curls,45,2,18,NA,Alternating
2025-01-13,Bulk,Pull,Standing Dumbell Hammer Curls,45,3,18,NA,Alternating
2025-01-13,Bulk,Push,Cable Lateral Raise,35,1,8,NA,
2025-01-13,Bulk,Push,Cable Lateral Raise,35,2,8,NA,
2025-01-13,Bulk,Push,Cable Lateral Raise,35,3,8,NA,
2025-01-15,Bulk,Legs,Hack Squats,270,1,15,NA,
2025-01-15,Bulk,Legs,Hack Squats,270,2,12,NA,
2025-01-15,Bulk,Legs,Hack Squats,270,3,10,NA,
2025-01-15,Bulk,Legs,Lying Leg Curls,110,1,10,NA,
2025-01-15,Bulk,Legs,Lying Leg Curls,110,2,6,NA,
2025-01-15,Bulk,Legs,Lying Leg Curls,100,3,10,NA,
2025-01-15,Bulk,Legs,Standing Calf Raises,180,1,10,NA,
2025-01-15,Bulk,Legs,Standing Calf Raises,180,2,15,NA,
2025-01-15,Bulk,Legs,Standing Calf Raises,180,3,15,NA,
2025-01-15,Bulk,Legs,Leg Extensions,180,1,15,NA,
2025-01-15,Bulk,Legs,Leg Extensions,180,2,10,NA,
2025-01-15,Bulk,Legs,Leg Extensions,180,3,12,NA,
2025-01-16,Bulk,Push,Incline Dumbell Press ,87.5,1,8,NA,Weight in Each hand
2025-01-16,Bulk,Push,Incline Dumbell Press ,87.5,2,7,NA,Weight in Each hand
2025-01-16,Bulk,Push,Incline Dumbell Press ,87.5,3,6,NA,Weight in Each hand
2025-01-16,Bulk,Push,Seated Cable Chest Press,110,1,8.5,NA,Weight in Each hand
2025-01-16,Bulk,Push,Seated Cable Chest Press,110,2,8,NA,Weight in Each hand
2025-01-16,Bulk,Push,Seated Cable Chest Press,110,3,7,NA,Weight in Each hand
2025-01-16,Bulk,Push,Isolated Lat Pull Down,140,1,10,NA,
2025-01-16,Bulk,Push,Isolated Lat Pull Down,140,2,8,NA,
2025-01-16,Bulk,Push,Isolated Lat Pull Down,140,3,8,NA,
2025-01-16,Bulk,Pull,Pullups,0,1,10,NA,
2025-01-16,Bulk,Pull,Pullups,0,2,8,NA,
2025-01-16,Bulk,Pull,Pullups,0,3,7,NA,
2025-01-17,Bulk,Push,Cable Lateral Raise,35,1,10,NA,
2025-01-17,Bulk,Push,Cable Lateral Raise,35,2,8,NA,
2025-01-17,Bulk,Push,Cable Lateral Raise,35,3,8,NA,
2025-01-17,Bulk,Pull,Reverse Pec Dec Rear Delts,90,1,10,NA,
2025-01-17,Bulk,Pull,Reverse Pec Dec Rear Delts,90,2,10,NA,
2025-01-17,Bulk,Pull,Reverse Pec Dec Rear Delts,100,3,8,NA,
2025-01-17,Bulk,Pull,Standing Dumbell Curls,40,1,8,NA,
2025-01-17,Bulk,Pull,Standing Dumbell Curls,40,2,7,NA,
2025-01-17,Bulk,Pull,Standing Dumbell Curls,40,3,7,NA,
2025-01-17,Bulk,Push,Isolated Pushdown Tricep,35,1,12,NA,
2025-01-17,Bulk,Push,Isolated Pushdown Tricep,40,2,12,NA,
2025-01-17,Bulk,Push,Isolated Pushdown Tricep,40,3,10,NA,
2025-01-17,Bulk,Push,Rope Overhead Tricep,90,1,8,NA,
2025-01-17,Bulk,Push,Rope Overhead Tricep,90,2,8,NA,
2025-01-17,Bulk,Push,Rope Overhead Tricep,90,3,8,NA,
2025-01-17,Bulk,Push,Standing Dumbell Hammer Curls,50,1,14,NA,
2025-01-17,Bulk,Push,Standing Dumbell Hammer Curls,50,2,14,NA,
2025-02-05,Bulk,Legs,Hack Squats,320,1,11,NA,
2025-02-05,Bulk,Legs,Hack Squats,320,2,9,NA,
2025-02-05,Bulk,Legs,Hack Squats,320,3,9,NA,
2025-02-05,Bulk,Legs,Leg Extensions,200,1,12,NA,
2025-02-05,Bulk,Legs,Leg Extensions,200,2,10,NA,
2025-02-05,Bulk,Legs,Leg Extensions,200,3,8,NA,
2025-02-05,Bulk,Legs,Seated Leg Curls,170,1,12,NA,
2025-02-05,Bulk,Legs,Seated Leg Curls,170,2,10,NA,
2025-02-05,Bulk,Legs,Seated Leg Curls,170,3,10,NA,
2025-02-05,Bulk,Legs,Standing Calf Raises,220,1,10,NA,
2025-02-05,Bulk,Legs,Standing Calf Raises,220,2,10,NA,
2025-02-05,Bulk,Legs,Standing Calf Raises,220,3,10,NA,
2025-02-06,Bulk,Push,Incline Dumbell Press ,87.5,1,8,NA,
2025-02-06,Bulk,Push,Incline Dumbell Press ,87.5,2,8,NA,
2025-02-06,Bulk,Push,Incline Dumbell Press ,87.5,3,5,NA,
2025-02-06,Bulk,Push,Seated Cable Chest Press,120,1,8,NA,
2025-02-06,Bulk,Push,Seated Cable Chest Press,120,2,8,NA,
2025-02-06,Bulk,Push,Seated Cable Chest Press,120,3,5,NA,
2025-02-06,Bulk,Pull,Isolated Seated Machine Rows,90,1,8,NA,
2025-02-06,Bulk,Pull,Isolated Seated Machine Rows,90,2,8,NA,
2025-02-06,Bulk,Pull,Isolated Seated Machine Rows,90,3,8,NA,
2025-02-06,Bulk,Pull,Seated Cable Rows (Precor),200,1,8,NA,Precor
2025-02-06,Bulk,Pull,Seated Cable Rows (Precor),200,2,8,NA,Precor
2025-02-06,Bulk,Pull,Seated Cable Rows (Precor),200,3,8,NA,Precor
2025-02-08,Bulk,Push,Cable Lateral Raise,40,1,8,NA,
2025-02-08,Bulk,Push,Cable Lateral Raise,40,2,7,NA,
2025-02-08,Bulk,Push,Cable Lateral Raise,40,3,7,NA,
2025-02-08,Bulk,Pull,Standing Dumbell Curls,40,1,8,NA,
2025-02-08,Bulk,Pull,Standing Dumbell Curls,40,2,8,NA,
2025-02-08,Bulk,Pull,Standing Dumbell Curls,40,3,8,NA,
2025-02-08,Bulk,Push,Isolated Overhead Tricep,40,1,8,NA,
2025-02-08,Bulk,Push,Isolated Overhead Tricep,40,2,7,NA,
2025-02-08,Bulk,Push,Isolated Overhead Tricep,40,3,8,NA,
2025-02-08,Bulk,Pull,Reverse Pec Dec Rear Delts,110,1,10,NA,
2025-02-08,Bulk,Pull,Reverse Pec Dec Rear Delts,110,2,10,NA,
2025-02-08,Bulk,Pull,Rope Hammer Curls,120,1,12,NA,
2025-02-08,Bulk,Pull,Rope Hammer Curls,120,2,12,NA,
2025-02-08,Bulk,Pull,Rope Hammer Curls,120,3,10,NA,
2025-02-08,Bulk,Push,Rope Pushdown Tricep,100,1,7,NA,
2025-02-08,Bulk,Push,Rope Pushdown Tricep,100,2,7,NA,
2025-02-08,Bulk,Push,Rope Pushdown Tricep,100,3,7,NA,
2025-02-10,Bulk,Push,Incline Dumbell Press ,90,1,8,NA,
2025-02-10,Bulk,Push,Incline Dumbell Press ,90,2,6,NA,
2025-02-10,Bulk,Push,Incline Dumbell Press ,90,3,6,NA,
2025-02-10,Bulk,Push,Weighted Dips,70,1,9,NA,
2025-02-10,Bulk,Push,Weighted Dips,70,2,8,NA,
2025-02-10,Bulk,Push,Weighted Dips,70,3,8,NA,
2025-02-10,Bulk,Push,Cable Lateral Raise,40,1,8,NA,
2025-02-10,Bulk,Push,Cable Lateral Raise,40,2,8,NA,
2025-02-10,Bulk,Push,Cable Lateral Raise,40,3,8,NA,
2025-02-10,Bulk,Pull,Seated Dumbell Curls,35,1,8,NA,
2025-02-10,Bulk,Pull,Seated Dumbell Curls,35,2,8,NA,
2025-02-10,Bulk,Pull,Seated Dumbell Curls,35,3,8,NA,
2025-02-10,Bulk,Pull,Standing Dumbell Hammer Curls,50,1,20,NA,
2025-02-10,Bulk,Pull,Standing Dumbell Hammer Curls,50,2,18,NA,
2025-02-10,Bulk,Pull,Standing Dumbell Hammer Curls,50,3,18,NA,
2025-02-11,Bulk,Pull,Barbell Rows,225,1,8,NA,
2025-02-11,Bulk,Pull,Barbell Rows,225,2,6,NA,
2025-02-11,Bulk,Pull,Barbell Rows,185,3,8,NA,Felt something in my lower back
2025-02-11,Bulk,Pull,Isolated Lat Pull Down,160,1,8,NA,
2025-02-11,Bulk,Pull,Isolated Lat Pull Down,160,2,6,NA,
2025-02-11,Bulk,Pull,Isolated Lat Pull Down,160,3,6,NA,
2025-02-11,Bulk,Pull,Rear Delt Cable,35,1,8,NA,Cross non isolated
2025-02-11,Bulk,Pull,Rear Delt Cable,35,2,6,NA,Cross non isolated
2025-02-11,Bulk,Pull,Rear Delt Cable,35,3,6,NA,Cross non isolated
2025-02-11,Bulk,Push,Rope Overhead Tricep,100,1,6,NA,
2025-02-11,Bulk,Push,Rope Overhead Tricep,100,2,6,NA,
2025-02-11,Bulk,Push,Rope Overhead Tricep,100,3,6,NA,It was a battle
2025-02-11,Bulk,Push,Rope Pushdown Tricep,100,1,8,NA,
2025-02-11,Bulk,Push,Rope Pushdown Tricep,100,2,8,NA,
2025-02-11,Bulk,Push,Rope Pushdown Tricep,100,3,8,NA,
2025-02-14,Bulk,Push,Cable Lateral Raise,40,1,8,NA,
2025-02-14,Bulk,Push,Cable Lateral Raise,40,2,8,NA,
2025-02-14,Bulk,Push,Cable Lateral Raise,40,3,8,NA,
2025-02-14,Bulk,Push,Rope Overhead Tricep,100,1,8,NA,
2025-02-14,Bulk,Push,Rope Overhead Tricep,100,2,8,NA,
2025-02-14,Bulk,Push,Rope Overhead Tricep,100,3,7,NA,
2025-02-14,Bulk,Pull,Standing Dumbell Curls,42.5,1,7,NA,
2025-02-14,Bulk,Pull,Standing Dumbell Curls,42.5,2,6,NA,
2025-02-14,Bulk,Pull,Standing Dumbell Curls,42.5,3,6,NA,
2025-02-14,Bulk,Pull,Isolated Rear Delt Cable,30,1,10,NA,Isolated
2025-02-14,Bulk,Pull,Isolated Rear Delt Cable,35,2,8,NA,Isolated
2025-02-14,Bulk,Pull,Isolated Rear Delt Cable,35,3,8,NA,Isolated
2025-02-19,Bulk,Pull,Lat Pulldown,170,1,8,NA,
2025-02-19,Bulk,Pull,Lat Pulldown,170,2,8,NA,
2025-02-19,Bulk,Pull,Lat Pulldown,170,3,6,NA,
2025-02-19,Bulk,Pull,Isolated Seated Machine Rows,105,1,6,NA,"Neutral grip, weight kept slipping "
2025-02-19,Bulk,Pull,Isolated Seated Machine Rows,100,2,7,NA,"Neutral grip, weight kept slipping "
2025-02-19,Bulk,Pull,Isolated Seated Machine Rows,100,3,6,NA,"Neutral grip, weight kept slipping "
2025-02-19,Bulk,Push,Rope Overhead Tricep,100,1,8,NA,
2025-02-19,Bulk,Push,Rope Overhead Tricep,100,2,8,NA,
2025-02-19,Bulk,Push,Rope Overhead Tricep,100,3,8,NA,
2025-02-19,Bulk,Push,Isolated Rear Delt Cable,30,1,10,NA,Isolated
2025-02-19,Bulk,Push,Isolated Rear Delt Cable,35,2,8,NA,Isolated
2025-02-19,Bulk,Push,Isolated Rear Delt Cable,35,3,8,NA,Isolated
2025-02-19,Bulk,Push,Rope Pushdown Tricep,120,1,6,NA,
2025-02-19,Bulk,Push,Rope Pushdown Tricep,120,2,5,NA,
2025-02-22,Bulk,Push,Seated Machine Incline Press,115,1,8,NA,weight on each side
2025-02-22,Bulk,Push,Seated Machine Incline Press,115,2,6,NA,weight on each side
2025-02-22,Bulk,Push,Seated Machine Incline Press,115,3,6,NA,weight on each side
2025-02-22,Bulk,Push,Chest Fly,90,1,8,NA,lower focused
2025-02-22,Bulk,Push,Chest Fly,90,2,8,NA,lower focused
2025-02-22,Bulk,Push,Chest Fly,90,3,8,NA,lower focused
2025-02-22,Bulk,Push,Cable Lateral Raise,40,1,8,NA,
2025-02-22,Bulk,Push,Cable Lateral Raise,40,2,8,NA,
2025-02-22,Bulk,Pull,Seated Cable Rows (Precor),240,1,8,NA,Precor
2025-02-22,Bulk,Pull,Seated Cable Rows (Precor),240,2,7,NA,Precor
2025-02-22,Bulk,Pull,Seated Cable Rows (Precor),240,3,6,NA,Precor
2025-02-22,Bulk,Pull,Cable Pullovers,100,1,8,NA,
2025-02-22,Bulk,Pull,Cable Pullovers,100,2,8,NA,
2025-02-22,Bulk,Pull,Cable Pullovers,100,3,8,NA,
2025-02-24,Bulk,Push,Smith Machine Incline Press,160,1,8,NA,
2025-02-24,Bulk,Push,Smith Machine Incline Press,160,2,8,NA,
2025-02-24,Bulk,Push,Smith Machine Incline Press,160,3,8,NA,
2025-02-24,Bulk,Push,Seated Cable Chest Press,120,1,8,NA,
2025-02-24,Bulk,Push,Seated Cable Chest Press,120,2,8,NA,
2025-02-24,Bulk,Push,Seated Cable Chest Press,120,3,10,NA,
2025-02-24,Bulk,Pull,Seated Machine Preacher Curl,80,1,10,NA,
2025-02-24,Bulk,Pull,Seated Machine Preacher Curl,90,2,8,NA,
2025-02-24,Bulk,Pull,Seated Machine Preacher Curl,90,3,5,NA,
2025-02-24,Bulk,Pull,Rope Hammer Curls,140,1,8,NA,
2025-02-24,Bulk,Pull,Rope Hammer Curls,140,2,8,NA,
2025-02-24,Bulk,Pull,Rope Hammer Curls,140,3,8,NA,
2025-02-24,Bulk,Push,Dumbell Lateral Raises,32.5,1,10,NA,
2025-02-24,Bulk,Push,Dumbell Lateral Raises,32.5,2,10,NA,
2025-02-24,Bulk,Push,Dumbell Lateral Raises,32.5,3,8,NA,
2025-02-25,Bulk,Pull,Cable Pullovers,110,1,10,NA,
2025-02-25,Bulk,Pull,Cable Pullovers,110,2,10,NA,
2025-02-25,Bulk,Pull,Lat Pulldown,170,1,8,NA,
2025-02-25,Bulk,Pull,Lat Pulldown,170,2,8,NA,
2025-02-25,Bulk,Pull,Lat Pulldown,170,3,6,NA,
2025-02-25,Bulk,Pull,Dumbell Rear Delt,25,1,15,NA,
2025-02-25,Bulk,Pull,Dumbell Rear Delt,25,2,15,NA,
2025-02-25,Bulk,Pull,Dumbell Rear Delt,25,3,15,NA,
2025-02-25,Bulk,Push,Isolated Pushdown Tricep,40,1,7,NA,
2025-02-25,Bulk,Push,Isolated Pushdown Tricep,40,2,7,NA,
2025-02-25,Bulk,Push,Isolated Pushdown Tricep,40,3,7,NA,
2025-02-25,Bulk,Push,Isolated Overhead Tricep,40,1,8,NA,
2025-02-25,Bulk,Push,Isolated Overhead Tricep,40,2,8,NA,
2025-02-25,Bulk,Push,Isolated Overhead Tricep,40,3,8,NA,
2025-02-26,Bulk,Legs,Seated Leg Curls,110,1,8,NA,Cybex
2025-02-26,Bulk,Legs,Seated Leg Curls,110,2,8,NA,Cybex
2025-02-26,Bulk,Legs,Seated Leg Curls,110,3,7,NA,Cybex
2025-02-26,Bulk,Legs,Hack Squats,320,1,12,NA,Only 2 sets since chronic left glute soreness
2025-02-26,Bulk,Legs,Hack Squats,320,2,10,NA,Only 2 sets since chronic left glute soreness
2025-02-26,Bulk,Legs,Leg Extensions,200,1,12,NA,
2025-02-26,Bulk,Legs,Leg Extensions,200,2,12,NA,
2025-02-26,Bulk,Legs,Leg Extensions,200,3,8,NA,
2025-02-26,Bulk,Legs,Standing Calf Raises,220,1,15,NA,
2025-02-26,Bulk,Legs,Standing Calf Raises,220,2,10,NA,
2025-02-27,Bulk,Push,Incline Dumbell Press ,90,1,8,NA,
2025-02-27,Bulk,Push,Incline Dumbell Press ,90,2,7,NA,
2025-02-27,Bulk,Push,Incline Dumbell Press ,90,3,6,NA,
2025-02-27,Bulk,Push,Weighted Dips,80,1,8,NA,
2025-02-27,Bulk,Push,Weighted Dips,80,2,7,NA,
2025-02-27,Bulk,Push,Weighted Dips,80,3,8,NA,
2025-02-27,Bulk,Pull,Lat Pulldown (Cybex),175,1,6,NA,Cybex
2025-02-27,Bulk,Pull,Lat Pulldown (Cybex),160,2,8,NA,Cybex
2025-02-27,Bulk,Pull,Lat Pulldown (Cybex),165,3,8,NA,Cybex
2025-02-28,Bulk,Push,Cable Lateral Raise,45,1,5,NA,
2025-02-28,Bulk,Push,Cable Lateral Raise,40,2,9,NA,
2025-02-28,Bulk,Push,Cable Lateral Raise,40,3,9,NA,
2025-02-28,Bulk,Push,Rope Overhead Tricep,110,1,7,NA,
2025-02-28,Bulk,Push,Rope Overhead Tricep,110,2,7,NA,
2025-02-28,Bulk,Push,Rope Overhead Tricep,110,3,6,NA,
2025-02-28,Bulk,Pull,Bar Cable Curls,120,1,8,NA,
2025-02-28,Bulk,Pull,Bar Cable Curls,120,2,8,NA,
2025-02-28,Bulk,Pull,Bar Cable Curls,120,3,8,NA,
2025-02-28,Bulk,Pull,Reverse Pec Dec Rear Delts,120,1,7,NA,
2025-02-28,Bulk,Pull,Reverse Pec Dec Rear Delts,120,2,7,NA,
2025-02-28,Bulk,Pull,Reverse Pec Dec Rear Delts,115,3,8,NA,I think theres a stability issue. I struggled with a 5 lb difference
2025-02-28,Bulk,Push,Rope Pushdown Tricep,120,1,8,NA,
2025-02-28,Bulk,Push,Rope Pushdown Tricep,120,2,6,NA,
2025-02-28,Bulk,Pull,Rope Hammer Curls,150,1,8,NA,
2025-02-28,Bulk,Pull,Rope Hammer Curls,150,2,7,NA,
2025-02-28,Bulk,Pull,Rope Hammer Curls,150,3,7,NA,
2025-03-03,Bulk,Push,Seated Machine Incline Press,115,1,8,NA,weight on each side
2025-03-03,Bulk,Push,Seated Machine Incline Press,115,2,8,NA,weight on each side
2025-03-03,Bulk,Push,Seated Machine Incline Press,115,3,7,NA,weight on each side
2025-03-03,Bulk,Push,Seated Cable Chest Press,130,1,8,NA,
2025-03-03,Bulk,Push,Seated Cable Chest Press,130,2,8,NA,
2025-03-03,Bulk,Push,Seated Cable Chest Press,130,3,8,NA,
2025-03-03,Bulk,Pull,Standing Dumbell Curls,42.5,1,8,NA,
2025-03-03,Bulk,Pull,Standing Dumbell Curls,42.5,2,6,NA,
2025-03-03,Bulk,Pull,Standing Dumbell Curls,42.5,3,8,NA,
2025-03-03,Bulk,Pull,Rope Hammer Curls,150,1,8,NA,
2025-03-03,Bulk,Pull,Rope Hammer Curls,150,2,8,NA,
2025-03-03,Bulk,Pull,Rope Hammer Curls,150,3,8,NA,
2025-03-04,Bulk,Pull,Cable Pullovers,120,1,8,NA,
2025-03-04,Bulk,Pull,Cable Pullovers,120,2,8,NA,
2025-03-04,Bulk,Pull,Cable Pullovers,120,3,7,NA,
2025-03-04,Bulk,Pull,Seated Cable Rows ,170,1,7,NA,Neutral Grip
2025-03-04,Bulk,Pull,Seated Cable Rows ,170,2,7,NA,Neutral Grip
2025-03-04,Bulk,Pull,Seated Cable Rows ,150,3,8,NA,Neutral Grip
2025-03-04,Bulk,Pull,Isolated Rear Delt Cable,40,1,8,NA,Isolated
2025-03-04,Bulk,Pull,Isolated Rear Delt Cable,40,2,7,NA,Isolated
2025-03-04,Bulk,Pull,Isolated Rear Delt Cable,40,3,4,NA,Isolated
2025-03-04,Bulk,Push,Rope Overhead Tricep,120,1,6,NA,
2025-03-04,Bulk,Push,Rope Overhead Tricep,120,2,5,NA,
2025-03-04,Bulk,Push,Rope Overhead Tricep,110,3,6,NA,
2025-03-04,Bulk,Push,Rope Pushdown Tricep,120,1,6,NA,
2025-03-04,Bulk,Push,Rope Pushdown Tricep,120,2,5,NA,
2025-03-04,Bulk,Push,Rope Pushdown Tricep,110,3,6,NA,
2025-03-05,Bulk,Legs,Seated Leg Curls,180,1,12,NA,
2025-03-05,Bulk,Legs,Seated Leg Curls,180,2,12,NA,
2025-03-05,Bulk,Legs,Seated Leg Curls,180,3,12,NA,
2025-03-05,Bulk,Legs,Leg Press,270,1,10,NA,
2025-03-05,Bulk,Legs,Leg Press,270,2,10,NA,
2025-03-05,Bulk,Legs,Leg Press,270,3,12,NA,
2025-03-05,Bulk,Legs,Leg Extensions,200,1,12,NA,
2025-03-05,Bulk,Legs,Leg Extensions,200,2,12,NA,
2025-03-07,Bulk,Push,Cable Lateral Raise,45,1,6,NA,
2025-03-07,Bulk,Push,Cable Lateral Raise,45,2,6,NA,
2025-03-07,Bulk,Push,Cable Lateral Raise,45,3,6,NA,
2025-03-07,Bulk,Push,Rope Overhead Tricep,110,1,6,NA,
2025-03-07,Bulk,Push,Rope Overhead Tricep,110,2,7,NA,
2025-03-07,Bulk,Push,Rope Overhead Tricep,110,3,6,NA,
2025-03-07,Bulk,Pull,Standing Dumbell Curls,42.5,1,8,NA,
2025-03-07,Bulk,Pull,Standing Dumbell Curls,42.5,2,8,NA,
2025-03-07,Bulk,Pull,Standing Dumbell Curls,42.5,3,7,NA,
2025-03-07,Bulk,Pull,Isolated Rear Delt Cable,40,1,7,NA,Isolated
2025-03-07,Bulk,Pull,Isolated Rear Delt Cable,35,2,8,NA,Isolated
2025-03-07,Bulk,Push,Isolated Pushdown Tricep,40,1,8,NA,Isolated
2025-03-07,Bulk,Push,Isolated Pushdown Tricep,40,2,8,NA,Isolated
2025-03-07,Bulk,Pull,Rope Hammer Curls,150,1,8,NA,
2025-03-07,Bulk,Pull,Rope Hammer Curls,150,2,8,NA,
2025-03-17,Bulk,Pull,Lat Pulldown (Cybex),170,1,8,NA,Cybex
2025-03-17,Bulk,Pull,Lat Pulldown (Cybex),170,2,8,NA,Cybex
2025-03-17,Bulk,Pull,Lat Pulldown (Cybex),170,3,8,NA,Cybex
2025-03-17,Bulk,Pull,Seated Cable Rows ,170,1,8,NA,Wide grip
2025-03-17,Bulk,Pull,Seated Cable Rows ,170,2,8,NA,Wide grip
2025-03-17,Bulk,Pull,Reverse Pec Dec Rear Delts,110,1,8,NA,
2025-03-17,Bulk,Pull,Reverse Pec Dec Rear Delts,120,2,10,NA,
2025-03-17,Bulk,Pull,Reverse Pec Dec Rear Delts,120,3,10,NA,
2025-03-17,Bulk,Push,Rope Overhead Tricep,110,1,7,NA,
2025-03-17,Bulk,Push,Rope Overhead Tricep,110,2,7,NA,
2025-03-17,Bulk,Push,Rope Overhead Tricep,110,3,7,NA,
2025-03-17,Bulk,Push,Rope Pushdown Tricep,120,1,7,NA,
2025-03-17,Bulk,Push,Rope Pushdown Tricep,120,2,6,NA,
2025-03-17,Bulk,Push,Rope Pushdown Tricep,120,3,6,NA,
2025-03-18,Bulk,Push,Smith Machine Incline Press,160,1,10,NA,
2025-03-18,Bulk,Push,Smith Machine Incline Press,180,2,7,NA,
2025-03-18,Bulk,Push,Weighted Dips,0,1,10,NA,No Weight
2025-03-18,Bulk,Push,Weighted Dips,0,2,10,NA,No Weight
2025-03-18,Bulk,Pull,Standing Dumbell Curls,40,1,8,NA,
2025-03-18,Bulk,Pull,Standing Dumbell Curls,40,2,10,NA,
2025-03-18,Bulk,Push,Dumbell Lateral Raises,32.5,1,10,NA,
2025-03-18,Bulk,Push,Dumbell Lateral Raises,32.5,2,10,NA,
2025-03-18,Bulk,Push,Dumbell Lateral Raises,32.5,3,8,NA,
2025-03-18,Bulk,Legs,Seated Leg Curls,200,1,10,NA,
2025-03-18,Bulk,Legs,Seated Leg Curls,200,2,7,NA,
2025-03-18,Bulk,Legs,Seated Leg Curls,200,3,10,NA,
2025-03-19,Bulk,Legs,Leg Press,360,1,8,NA,
2025-03-19,Bulk,Legs,Leg Press,360,2,8,NA,
2025-03-19,Bulk,Legs,Leg Press,360,3,8,NA,
2025-03-19,Bulk,Legs,Seated Calf Raises,90,1,30,NA,Did not push myself
2025-03-19,Bulk,Legs,Seated Calf Raises,90,2,30,NA,Did not push myself
2025-03-19,Bulk,Legs,Seated Calf Raises,90,3,30,NA,Did not push myself
2025-03-19,Bulk,Legs,Leg Extensions,200,1,12,NA,
2025-03-19,Bulk,Legs,Leg Extensions,200,2,12,NA,
2025-03-19,Bulk,Legs,Leg Extensions,200,3,12,NA,
2025-03-20,Bulk,Push,Incline Dumbell Press ,90,1,8,NA,
2025-03-20,Bulk,Push,Incline Dumbell Press ,90,2,7,NA,
2025-03-20,Bulk,Push,Chest Fly,100,1,8,NA,lower focused
2025-03-20,Bulk,Push,Chest Fly,100,2,6,NA,lower focused
2025-03-20,Bulk,Push,Chest Fly,90,3,8,NA,lower focused
2025-03-20,Bulk,Pull,Pullups,0,1,17,NA,
2025-03-20,Bulk,Pull,Pullups,0,2,10,NA,
2025-03-20,Bulk,Pull,Seated Cable Rows ,170,1,8,NA,
2025-03-20,Bulk,Pull,Seated Cable Rows ,170,2,7,NA,
2025-03-20,Bulk,Pull,Seated Cable Rows ,170,3,7,NA,
2025-03-24,Bulk,Push,Smith Machine Incline Press,180,1,7,NA,
2025-03-24,Bulk,Push,Smith Machine Incline Press,180,2,6,NA,
2025-03-24,Bulk,Push,Smith Machine Incline Press,180,3,5,NA,
2025-03-24,Bulk,Push,Pec Dec,120,1,10,NA,
2025-03-24,Bulk,Push,Pec Dec,130,2,8,NA,
2025-03-24,Bulk,Push,Pec Dec,140,3,6,NA,
2025-03-24,Bulk,Pull,Standing Dumbell Curls,42.5,1,8,NA,
2025-03-24,Bulk,Pull,Standing Dumbell Curls,42.5,2,8,NA,
2025-03-24,Bulk,Pull,Standing Dumbell Curls,42.5,3,6,NA,
2025-03-25,Bulk,Legs,Lying Leg Curls,120,1,8,NA,
2025-03-25,Bulk,Legs,Lying Leg Curls,120,2,7,NA,
2025-03-25,Bulk,Legs,Lying Leg Curls,120,3,6,NA,
2025-03-25,Bulk,Legs,Leg Press,370,1,8,NA,
2025-03-25,Bulk,Legs,Leg Press,370,2,8,NA,
2025-03-25,Bulk,Legs,Leg Press,370,3,8,NA,
2025-03-25,Bulk,Legs,Leg Extensions,210,1,8,NA,
2025-03-25,Bulk,Legs,Leg Extensions,210,2,8,NA,
2025-03-25,Bulk,Legs,Bulgarian Split Squats,50,1,8,NA,
2025-03-25,Bulk,Legs,Bulgarian Split Squats,50,2,6,NA,
2025-03-25,Bulk,Legs,Bulgarian Split Squats,50,3,6,NA,
2025-03-26,Bulk,Pull,Lat Pulldown,170,1,8,NA,Strict new form
2025-03-26,Bulk,Pull,Lat Pulldown,170,2,8,NA,Strict new form
2025-03-26,Bulk,Pull,Lat Pulldown,180,3,6,NA,Strict new form
2025-03-26,Bulk,Pull,Isolated Seated Machine Rows,105,1,8,NA,
2025-03-26,Bulk,Pull,Isolated Seated Machine Rows,105,2,7,NA,
2025-03-26,Bulk,Pull,Isolated Seated Machine Rows,100,3,8,NA,
2025-03-26,Bulk,Push,Cable Lateral Raise,40,1,8,NA,
2025-03-26,Bulk,Push,Cable Lateral Raise,40,2,8,NA,
2025-03-26,Bulk,Push,Cable Lateral Raise,40,3,8,NA,
2025-03-26,Bulk,Push,Rope Overhead Tricep,110,1,8,NA,
2025-03-26,Bulk,Push,Rope Overhead Tricep,110,2,7,NA,
2025-03-26,Bulk,Push,Rope Overhead Tricep,110,3,7,NA,
2025-03-26,Bulk,Push,Rope Pushdown Tricep,120,1,6,NA,
2025-03-26,Bulk,Push,Rope Pushdown Tricep,120,2,6,NA,
2025-03-26,Bulk,Push,Rope Pushdown Tricep,120,3,5,NA,
2025-03-27,Bulk,Push,Smith Machine Incline Press,180,1,8,NA,
2025-03-27,Bulk,Push,Smith Machine Incline Press,180,2,7,NA,
2025-03-27,Bulk,Push,Smith Machine Incline Press,180,3,6,NA,
2025-03-27,Bulk,Push,Seated Cable Chest Press,130,1,8,NA,
2025-03-27,Bulk,Push,Seated Cable Chest Press,130,2,7,NA,
2025-03-27,Bulk,Push,Seated Cable Chest Press,130,3,6,NA,
2025-03-28,Bulk,Push,Cable Lateral Raise,45,1,7,NA,
2025-03-28,Bulk,Push,Cable Lateral Raise,45,2,7,NA,
2025-03-28,Bulk,Push,Cable Lateral Raise,45,3,6,NA,
2025-03-28,Bulk,Pull,Standing Dumbell Curls,45,1,7,NA,
2025-03-28,Bulk,Pull,Standing Dumbell Curls,45,2,7,NA,
2025-03-28,Bulk,Pull,Standing Dumbell Curls,45,3,6,NA,
2025-03-28,Bulk,Push,Rope Overhead Tricep,110,1,8,NA,
2025-03-28,Bulk,Pull,Reverse Pec Dec Rear Delts,130,1,8,NA,
2025-03-28,Bulk,Pull,Reverse Pec Dec Rear Delts,150,2,8,NA,
2025-03-28,Bulk,Pull,Reverse Pec Dec Rear Delts,150,3,8,NA,
2025-03-28,Bulk,Push,Rope Pushdown Tricep,110,1,4,NA,felt really weak here
2025-03-28,Bulk,Push,Rope Pushdown Tricep,100,2,6,NA,felt really weak here
2025-03-28,Bulk,Push,Rope Pushdown Tricep,100,3,6,NA,felt really weak here
2025-03-31,Bulk,Push,Bench Press,225,1,3,NA,
2025-03-31,Bulk,Push,Bench Press,225,2,4,NA,PR!
2025-03-31,Bulk,Push,Bench Press,205,3,3,NA,
2025-03-31,Bulk,Push,Pec Dec,145,1,6,NA,
2025-03-31,Bulk,Push,Pec Dec,130,2,8,NA,
2025-03-31,Bulk,Push,Pec Dec,130,3,8,NA,
2025-03-31,Bulk,Pull,Standing Dumbell Curls,42.5,1,8,NA,
2025-03-31,Bulk,Pull,Standing Dumbell Curls,42.5,2,8,NA,
2025-03-31,Bulk,Pull,Standing Dumbell Curls,42.5,3,7.5,NA,
2025-03-31,Bulk,Pull,Rope Hammer Curls,150,1,10,NA,
2025-03-31,Bulk,Pull,Rope Hammer Curls,150,2,10,NA,
2025-03-31,Bulk,Pull,Rope Hammer Curls,150,3,10,NA,
2025-03-31,Bulk,Push,Cable Lateral Raise,40,1,8,NA,
2025-03-31,Bulk,Push,Cable Lateral Raise,40,2,8,NA,
2025-04-01,Bulk,Pull,Lat Pulldown,190,1,8,NA,
2025-04-01,Bulk,Pull,Lat Pulldown,190,2,6,NA,
2025-04-01,Bulk,Pull,Lat Pulldown,190,3,6,NA,
2025-04-01,Bulk,Pull,Seated Machine Rows (Cybex),90,1,8,NA,"Cybex, underhand"
2025-04-01,Bulk,Pull,Seated Machine Rows (Cybex),90,2,6,NA,"Cybex, underhand"
2025-04-01,Bulk,Pull,Seated Machine Rows (Cybex),90,3,4,NA,"Cybex, underhand"
2025-04-01,Bulk,Pull,Rear Delt Cable,35,1,10,NA,
2025-04-01,Bulk,Pull,Rear Delt Cable,35,2,10,NA,
2025-04-01,Bulk,Pull,Rear Delt Cable,35,3,8,NA,
2025-04-01,Bulk,Pull,EZ Bar Overhead Tricep,55,1,15,NA,
2025-04-01,Bulk,Pull,EZ Bar Overhead Tricep,55,2,15,NA,
2025-04-01,Bulk,Pull,EZ Bar Overhead Tricep,55,3,15,NA,
2025-04-01,Bulk,Pull,EZ Bar Overhead Tricep,55,4,15,NA,
2025-04-01,Bulk,Push,Rope Pushdown Tricep,110,1,7,NA,
2025-04-02,Bulk,Legs,Lying Leg Curls,120,1,8,NA,
2025-04-02,Bulk,Legs,Lying Leg Curls,120,2,8,NA,
2025-04-02,Bulk,Legs,Lying Leg Curls,120,3,6.5,NA,
2025-04-02,Bulk,Legs,Hack Squats,320,1,12,NA,
2025-04-02,Bulk,Legs,Hack Squats,320,2,10,NA,
2025-04-02,Bulk,Legs,Leg Extensions,220,1,10,NA,
2025-04-02,Bulk,Legs,Leg Extensions,230,2,10,NA,
2025-04-02,Bulk,Legs,Leg Extensions,245,3,15,NA,
2025-04-02,Bulk,Push,Incline Dumbell Press ,92.5,1,8,NA,
2025-04-02,Bulk,Push,Incline Dumbell Press ,92.5,2,7,NA,
2025-04-02,Bulk,Push,Incline Dumbell Press ,92.5,3,6,NA,
2025-04-02,Bulk,Push,Seated Cable Chest Press,130,1,6,NA,
2025-04-02,Bulk,Push,Seated Cable Chest Press,130,2,7,NA,
2025-04-02,Bulk,Push,Seated Cable Chest Press,130,3,7,NA,
2025-04-03,Bulk,Pull,Seated Machine Rows,200,1,8,NA,Non Isolated
2025-04-03,Bulk,Pull,Seated Machine Rows,200,2,8,NA,Non Isolated
2025-04-07,Bulk,Push,Bench Press,205,1,8,NA,
2025-04-07,Bulk,Push,Bench Press,205,2,8,NA,
2025-04-07,Bulk,Push,Bench Press,205,3,6,NA,
2025-04-07,Bulk,Push,Weighted Dips,70,1,8,NA,
2025-04-07,Bulk,Push,Weighted Dips,70,2,8,NA,
2025-04-07,Bulk,Push,Weighted Dips,70,3,8,NA,
2025-04-07,Bulk,Pull,Standing Dumbell Curls,42.5,1,8,NA,More strict
2025-04-07,Bulk,Pull,Standing Dumbell Curls,42.5,2,6,NA,More strict
2025-04-07,Bulk,Pull,Standing Dumbell Curls,42.5,3,4,NA,More strict
2025-04-08,Bulk,Pull,Lat Pulldown,190,1,8,NA,
2025-04-08,Bulk,Pull,Lat Pulldown,190,2,7,NA,
2025-04-08,Bulk,Pull,Seated Cable Rows ,180,1,8,NA,
2025-04-08,Bulk,Pull,Seated Cable Rows ,180,2,8,NA,
2025-04-08,Bulk,Pull,Seated Cable Rows ,180,3,6,NA,
2025-04-08,Bulk,Push,Rope Pushdown Tricep,120,1,8,NA,
2025-04-08,Bulk,Push,Rope Pushdown Tricep,120,2,8,NA,
2025-04-08,Bulk,Push,Rope Overhead Tricep,110,1,8,NA,
2025-04-08,Bulk,Push,Rope Overhead Tricep,110,2,6,NA,
2025-04-09,Bulk,Pull,Reverse Pec Dec Rear Delts,120,1,8,NA,
2025-04-09,Bulk,Pull,Reverse Pec Dec Rear Delts,120,2,8,NA,
2025-04-09,Bulk,Pull,Reverse Pec Dec Rear Delts,120,3,8,NA,
2025-04-10,Bulk,Push,Smith Machine Incline Press,180,1,8,NA,
2025-04-10,Bulk,Push,Smith Machine Incline Press,180,2,8,NA,
2025-04-10,Bulk,Pull,Lat Pulldown (Cybex),185,1,6,NA,Cybex
2025-04-10,Bulk,Pull,Lat Pulldown (Cybex),180,2,7,NA,Cybex
2025-04-10,Bulk,Pull,Seated Cable Rows ,190,1,8,NA,
2025-04-10,Bulk,Pull,Seated Cable Rows ,190,2,8,NA,
2025-04-10,Bulk,Pull,Seated Cable Rows ,190,3,7,NA,
2025-04-17,Bulk,Push,Cable Lateral Raise,45,1,8,NA,
2025-04-17,Bulk,Push,Cable Lateral Raise,45,2,6,NA,
2025-04-17,Bulk,Push,Cable Lateral Raise,40,3,7,NA,
2025-04-17,Bulk,Push,Machine Shoulder Press,160,1,8,NA,
2025-04-17,Bulk,Push,Machine Shoulder Press,160,2,8,NA,
2025-04-17,Bulk,Push,Machine Shoulder Press,160,3,8,NA,
2025-04-17,Bulk,Pull,Standing Dumbell Curls,40,1,8,NA,
2025-04-17,Bulk,Pull,Standing Dumbell Curls,40,2,7,NA,
2025-04-17,Bulk,Push,Cable Lateral Raise,40,1,6,NA,Felt Weak today
2025-04-17,Bulk,Push,Cable Lateral Raise,40,2,6,NA,Felt Weak today
2025-05-20,Bulk,Push,Incline Dumbell Press ,92.5,1,8,NA,
2025-05-20,Bulk,Push,Incline Dumbell Press ,95,2,8,NA,pr!
2025-05-20,Bulk,Push,Incline Dumbell Press ,95,3,8,NA,pr!
2025-05-20,Bulk,Pull,EZ Bar Preacher Curl,35,1,6,NA,
2025-05-20,Bulk,Pull,EZ Bar Preacher Curl,27.5,2,6,NA,
2025-05-20,Bulk,Pull,EZ Bar Preacher Curl,27.5,3,6,NA,
2025-05-20,Bulk,Push,Seated Cable Chest Press,150,1,8,NA,
2025-05-20,Bulk,Push,Seated Cable Chest Press,150,2,6,NA,
2025-05-20,Bulk,Push,Seated Cable Chest Press,140,3,8,NA,
2025-05-20,Bulk,Push,Dumbell Lateral Raises,30,1,12,NA,
2025-05-20,Bulk,Push,Dumbell Lateral Raises,30,2,12,NA,
2025-05-20,Bulk,Push,Dumbell Lateral Raises,30,3,10,NA,
2025-05-20,Bulk,Pull,Rope Hammer Curls,150,1,8,NA,
2025-05-20,Bulk,Pull,Rope Hammer Curls,150,2,8,NA,
2025-06-05,Bulk,Push,Incline Dumbell Press ,100,1,4,NA,
2025-06-05,Bulk,Push,Incline Dumbell Press ,95,2,6,NA,
2025-06-09,Cut,Push,Smith Machine Incline Press,190,1,7,158,
2025-06-09,Cut,Push,Smith Machine Incline Press,190,2,7,158,
2025-06-09,Cut,Push,Smith Machine Incline Press,190,3,6,158,
2025-06-09,Cut,Push,Seated Cable Chest Press,150,1,7,158,
2025-06-09,Cut,Push,Seated Cable Chest Press,130,2,7,158,
2025-06-09,Cut,Push,Cable Lateral Raise,40,1,8,158,
2025-06-09,Cut,Push,Cable Lateral Raise,40,2,8,158,
2025-06-09,Cut,Push,Cable Lateral Raise,40,3,8,158,
2025-06-09,Cut,Push,Rope Pushdown Tricep,120,1,8,158,
2025-06-09,Cut,Push,Rope Pushdown Tricep,120,2,8,158,
2025-06-09,Cut,Push,Rope Pushdown Tricep,120,3,8,158,
2025-06-09,Cut,Push,Rope Overhead Tricep,110,1,4,158,
2025-06-09,Cut,Push,Rope Overhead Tricep,70,2,6,158,
2025-06-11,Cut,Pull,Lat Pulldown,170,1,8,NA,
2025-06-11,Cut,Pull,Lat Pulldown,170,2,8,NA,
2025-06-11,Cut,Pull,Lat Pulldown,170,3,8,NA,
2025-06-11,Cut,Pull,Seated Cable Rows ,140,1,8,NA,
2025-06-11,Cut,Pull,Seated Cable Rows ,140,2,8,NA,
2025-06-11,Cut,Pull,Seated Cable Rows ,140,3,8,NA,
2025-06-11,Cut,Pull,Standing Dumbell Curls,40,1,8,NA,
2025-06-12,Cut,Push,Cable Lateral Raise,45,1,7,155.2,
2025-06-12,Cut,Push,Cable Lateral Raise,45,2,7,155.2,
2025-06-12,Cut,Push,Cable Lateral Raise,45,3,7,155.2,
2025-06-12,Cut,Push,Cable Lateral Raise,45,1,7,155.2,
2025-06-12,Cut,Push,Cable Lateral Raise,42.5,2,7,155.2,
2025-06-12,Cut,Push,Cable Lateral Raise,42.5,3,6,155.2,
2025-06-12,Cut,Push,Rope Overhead Tricep,110,1,8,155.2,
2025-06-12,Cut,Push,Rope Overhead Tricep,110,2,5,155.2,
2025-06-12,Cut,Push,Rope Overhead Tricep,110,3,5,155.2,
2025-06-12,Cut,Push,Rope Front Delt Raises,60,1,8,155.2,
2025-06-12,Cut,Push,Rope Front Delt Raises,60,2,8,155.2,
2025-06-12,Cut,Push,Rope Front Delt Raises,60,3,8,155.2,
2025-06-12,Cut,Push,Bar Cable Curls,100,1,8,155.2,
2025-06-12,Cut,Push,Bar Cable Curls,110,2,8,155.2,
2025-06-12,Cut,Push,Bar Cable Curls,110,3,8,155.2,
2025-06-12,Cut,Push,Bar Pushdown Tricep,110,1,6,155.2,
2025-06-12,Cut,Push,Bar Pushdown Tricep,110,2,8,155.2,
2025-06-12,Cut,Push,Bar Pushdown Tricep,110,3,8,155.2,
2025-06-16,Cut,Pull,Lat Pulldown,190,1,8,154.8,
2025-06-16,Cut,Pull,Lat Pulldown,190,2,6,154.8,
2025-06-16,Cut,Pull,Lat Pulldown,190,3,6,154.8,
2025-06-16,Cut,Pull,Seated Cable Rows ,170,1,8,154.8,
2025-06-16,Cut,Pull,Seated Cable Rows ,170,2,8,154.8,
2025-06-16,Cut,Pull,Seated Cable Rows ,170,3,8,154.8,
2025-06-16,Cut,Pull,Rope Rear Delts,90,1,15,154.8,
2025-06-16,Cut,Pull,Rope Rear Delts,90,2,15,154.8,
2025-06-16,Cut,Pull,Rope Rear Delts,100,3,8,154.8,
2025-06-16,Cut,Pull,Standing Dumbell Curls,42.5,1,8,154.8,
2025-06-16,Cut,Pull,Standing Dumbell Curls,42.5,2,7,154.8,
2025-06-16,Cut,Pull,Standing Dumbell Curls,42.5,3,7,154.8,
2025-06-16,Cut,Pull,Rope Hammer Curls,150,1,7,154.8,
2025-06-16,Cut,Pull,Rope Hammer Curls,140,2,7,154.8,
2025-06-16,Cut,Pull,Rope Hammer Curls,140,3,7,154.8,
2025-06-17,Cut,Legs,Leg Press,290,1,15,NA,
2025-06-17,Cut,Legs,Leg Press,290,2,15,NA,
2025-06-17,Cut,Legs,Leg Press,290,3,15,NA,
2025-06-17,Cut,Legs,Leg Extensions,170,1,15,NA,
2025-06-17,Cut,Legs,Leg Extensions,170,2,15,NA,
2025-06-17,Cut,Legs,Leg Extensions,170,3,15,NA,
2025-06-17,Cut,Legs,Hip Thrust,135,1,8,NA,
2025-06-17,Cut,Legs,Hip Thrust,135,2,8,NA,
2025-06-17,Cut,Legs,Hip Thrust,225,3,8,NA,
2025-06-17,Cut,Legs,Back Extensions,35,1,12,NA,
2025-06-17,Cut,Legs,Back Extensions,35,2,12,NA,
2025-06-18,Cut,Push,Cable Lateral Raise,40,1,8,154.6,
2025-06-18,Cut,Push,Cable Lateral Raise,40,2,8,154.6,
2025-06-18,Cut,Push,Cable Lateral Raise,40,3,8,154.6,
2025-06-18,Cut,Pull,Revers Pec Dec Rear Delts,120,1,8,154.6,
2025-06-18,Cut,Pull,Revers Pec Dec Rear Delts,120,2,8,154.6,
2025-06-18,Cut,Pull,Revers Pec Dec Rear Delts,150,3,6,154.6,
2025-06-18,Cut,Pull,Bayesian Curls,70,1,6,154.6,
2025-06-18,Cut,Pull,Bayesian Curls,70,2,6,154.6,
2025-06-18,Cut,Pull,Bayesian Curls,70,3,5,154.6,
2025-06-18,Cut,Push,Rope Pushdown Tricep,130,1,8,154.6,
2025-06-18,Cut,Push,Rope Pushdown Tricep,130,2,8,154.6,
2025-06-18,Cut,Push,Rope Pushdown Tricep,130,3,8,154.6,
2025-06-23,Cut,Pull,Pullups ,0,1,14,NA,
2025-06-23,Cut,Pull,Pullups ,0,2,10,NA,
2025-06-23,Cut,Pull,Pullups ,0,3,8,NA,
2025-06-23,Cut,Pull,Diverging Isolated Lat Pulldown,210,1,8,NA,
2025-06-23,Cut,Pull,Diverging Isolated Lat Pulldown,210,2,8,NA,
2025-06-23,Cut,Pull,Diverging Isolated Lat Pulldown,210,3,8,NA,
2025-06-23,Cut,Pull,Standing Dumbell Curls,42.5,1,7,NA,
2025-06-23,Cut,Pull,Standing Dumbell Curls,42.5,2,7,NA,
2025-06-23,Cut,Pull,Standing Dumbell Curls,42.5,1,4,NA,
2025-06-23,Cut,Pull,Reverse Pec Dec Rear Delts,150,1,8,NA,
2025-06-23,Cut,Pull,Reverse Pec Dec Rear Delts,150,2,8,NA,
2025-06-23,Cut,Pull,Reverse Pec Dec Rear Delts,150,3,8,NA,
2025-06-24,Cut,Push,Bench Press,225,1,3,153.8,
2025-06-24,Cut,Push,Bench Press,205,2,6,153.8,
2025-06-24,Cut,Push,Bench Press,205,3,4,153.8,
2025-06-24,Cut,Push,Seated Cable Chest Press,150,1,6,153.8,
2025-06-24,Cut,Push,Seated Cable Chest Press,140,2,5,153.8,
2025-06-24,Cut,Push,Seated Cable Chest Press,130,3,6,153.8,
2025-06-24,Cut,Push,Cable Lateral Raise,27.5,1,15,153.8,
2025-06-24,Cut,Push,Cable Lateral Raise,27.5,2,15,153.8,
2025-06-24,Cut,Push,Cable Lateral Raise,27.5,3,15,153.8,
2025-06-24,Cut,Push,Dumbell Lateral Raises,27.5,1,15,153.8,
2025-06-24,Cut,Push,Dumbell Lateral Raises,27.5,2,15,153.8,
2025-06-24,Cut,Push,Dumbell Lateral Raises,27.5,3,14,153.8,
2025-06-24,Cut,Push,Rope Pushdown Tricep,130,1,5,153.8,
2025-06-24,Cut,Push,Rope Pushdown Tricep,120,2,8,153.8,
2025-06-25,Cut,Legs,Leg Press (Precor),220,1,15,153.4,
2025-06-25,Cut,Legs,Leg Press (Precor),240,2,15,153.4,
2025-06-25,Cut,Legs,Leg Press (Precor),240,3,15,153.4,
2025-06-25,Cut,Legs,Hip Thrust,135,1,15,153.4,
2025-06-25,Cut,Legs,Hip Thrust,135,2,15,153.4,
2025-06-25,Cut,Legs,Hip Thrust,135,3,15,153.4,
2025-06-25,Cut,Legs,Barbell RDL,135,1,10,153.4,
2025-06-25,Cut,Legs,Barbell RDL,135,2,10,153.4,
2025-06-25,Cut,Legs,Barbell RDL,135,3,10,153.4,
2025-06-25,Cut,Legs,Back Extensions,30,1,10,153.4,
2025-06-25,Cut,Legs,Back Extensions,30,2,10,153.4,
2025-06-25,Cut,Legs,Back Extensions,30,3,10,153.4,
2025-06-26,Cut,Push,Seated Machine Incline Press,100,1,6,NA,Feel like deloaded today
2025-06-26,Cut,Push,Seated Machine Incline Press,55,2,10,NA,Feel like deloaded today
2025-06-26,Cut,Push,Seated Machine Incline Press,55,3,8,NA,Feel like deloaded today
2025-06-26,Cut,Push,Pec Dec,100,1,8,NA,Feel like deloaded today
2025-06-26,Cut,Push,Pec Dec,100,2,8,NA,Feel like deloaded today
2025-06-26,Cut,Push,Pec Dec,100,3,8,NA,Feel like deloaded today
2025-06-26,Cut,Pull,Lat Pulldown,150,1,8,NA,Feel like deloaded today
2025-06-26,Cut,Pull,Lat Pulldown,150,2,8,NA,Feel like deloaded today
2025-06-26,Cut,Pull,Lat Pulldown,150,3,8,NA,Feel like deloaded today
2025-06-26,Cut,Pull,Kneeling Isolated Lat Pulldown,60,1,8,NA,Feel like deloaded today
2025-06-26,Cut,Pull,Kneeling Isolated Lat Pulldown,60,2,8,NA,Feel like deloaded today
2025-06-26,Cut,Pull,Kneeling Isolated Lat Pulldown,60,3,8,NA,Feel like deloaded today
2025-06-27,Cut,Push,Machine Shoulder Press,150,1,8,152.4,
2025-06-27,Cut,Push,Machine Shoulder Press,155,2,8,152.4,
2025-06-27,Cut,Push,Machine Shoulder Press,155,3,8,152.4,
2025-06-27,Cut,Push,Dumbell Lateral Raises,25,1,15,152.4,
2025-06-27,Cut,Push,Dumbell Lateral Raises,25,2,15,152.4,
2025-06-27,Cut,Push,Dumbell Lateral Raises,25,3,15,152.4,
2025-06-27,Cut,Pull,EZ Bar Preacher Curl,25,1,8,152.4,
2025-06-27,Cut,Pull,EZ Bar Preacher Curl,25,2,8,152.4,
2025-06-27,Cut,Pull,EZ Bar Preacher Curl,25,3,8,152.4,
2025-06-27,Cut,Push,Rope Pushdown Tricep,130,1,8,152.4,
2025-06-27,Cut,Push,Rope Pushdown Tricep,130,2,6,152.4,
2025-06-27,Cut,Push,Isolated Overhead Tricep,40,1,8,152.4,
2025-06-27,Cut,Push,Isolated Overhead Tricep,50,2,8,152.4,
2025-06-27,Cut,Pull,Isolated Rear Delt Cable,40,1,8,152.4,
2025-06-30,Cut,Push,Incline Bench Press,155,1,8,152.4,
2025-06-30,Cut,Push,Incline Bench Press,155,2,8,152.4,
2025-06-30,Cut,Push,Incline Bench Press,155,3,8,152.4,
2025-06-30,Cut,Push,Pec Dec,160,1,6,152.4,
2025-06-30,Cut,Push,Pec Dec,150,2,6,152.4,
2025-06-30,Cut,Push,Pec Dec,150,3,6,152.4,
2025-06-30,Cut,Push,Cable Lateral Raise,45,1,6,152.4,
2025-06-30,Cut,Push,Cable Lateral Raise,40,2,8,152.4,
2025-06-30,Cut,Push,Cable Lateral Raise,40,3,8,152.4,
2025-06-30,Cut,Push,Rope Pushdown Tricep,130,1,8,152.4,
2025-06-30,Cut,Push,Rope Pushdown Tricep,130,2,6,152.4,
2025-06-30,Cut,Push,Rope Pushdown Tricep,130,3,5,152.4,
2025-06-30,Cut,Push,Isolated Overhead Tricep,60,1,3,152.4,
2025-06-30,Cut,Push,Isolated Overhead Tricep,50,2,7,152.4,
2025-07-02,Cut,Pull,Lat Pulldown,190,1,8,152.6,
2025-07-02,Cut,Pull,Lat Pulldown,190,2,7,152.6,
2025-07-02,Cut,Pull,Lat Pulldown,170,3,7,152.6,
2025-07-02,Cut,Pull,Cable Pullovers,130,1,7,152.6,
2025-07-02,Cut,Pull,Cable Pullovers,120,2,6,152.6,
2025-07-02,Cut,Pull,Cable Pullovers,120,3,7.5,152.6,
2025-07-02,Cut,Pull,Rear Delt Cable,35,1,7,152.6,
2025-07-02,Cut,Pull,Rear Delt Cable,35,2,5,152.6,
2025-07-02,Cut,Pull,Rear Delt Cable,25,3,8,152.6,
2025-07-02,Cut,Push,Rope Overhead Tricep,110,1,8,152.6,
2025-07-02,Cut,Push,Rope Overhead Tricep,110,2,6,152.6,
2025-07-02,Cut,Pull,Bar Cable Curls,120,1,8,152.6,
2025-07-02,Cut,Pull,Bar Cable Curls,120,2,8,152.6,
2025-07-03,Cut,Push,Smith Machine Incline Press,180,1,4,152,
2025-07-03,Cut,Push,Smith Machine Incline Press,160,2,6,152,
2025-07-03,Cut,Push,Seated Cable Chest Press,150,1,6,152,
2025-07-03,Cut,Push,Seated Cable Chest Press,140,2,5,152,
2025-07-03,Cut,Push,Seated Cable Chest Press,140,3,3,152,
2025-07-03,Cut,Push,Cable Lateral Raise,40,1,8,152,
2025-07-03,Cut,Push,Cable Lateral Raise,40,2,7,152,
2025-07-03,Cut,Push,Rope Front Delt Raises,60,1,7,152,
2025-07-03,Cut,Push,Rope Front Delt Raises,60,2,7,152,
2025-07-07,Cut,Push,Seated Machine Incline Press,115,1,8,150.2,
2025-07-07,Cut,Push,Seated Machine Incline Press,115,2,6.5,150.2,
2025-07-07,Cut,Push,Weighted Dips,45,1,10,150.2,
2025-07-07,Cut,Push,Weighted Dips,55,2,6,150.2,
2025-07-07,Cut,Push,Weighted Dips,55,3,8,150.2,
2025-07-07,Cut,Push,Dumbell Lateral Raises,27.5,1,15,150.2,
2025-07-07,Cut,Push,Dumbell Lateral Raises,27.5,2,15,150.2,
2025-07-07,Cut,Push,Dumbell Lateral Raises,27.5,3,15,150.2,
2025-07-07,Cut,Push,Isolated Pushdown Tricep,60,1,4,150.2,
2025-07-07,Cut,Push,Isolated Pushdown Tricep,45,2,8,150.2,
2025-07-07,Cut,Push,Isolated Overhead Tricep,45,1,7,150.2,
2025-07-07,Cut,Push,Isolated Overhead Tricep,45,2,7,150.2,
2025-07-08,Cut,Pull,Lat Pulldown,200,1,5,150,
2025-07-08,Cut,Pull,Lat Pulldown,180,2,7,150,
2025-07-08,Cut,Pull,Lat Pulldown,180,3,7,150,
2025-07-08,Cut,Pull,Isolated Rear Delt Cable,40,1,6,150,
2025-07-08,Cut,Pull,Isolated Rear Delt Cable,30,2,8,150,
2025-07-08,Cut,Pull,Isolated Rear Delt Cable,30,3,8,150,
2025-07-08,Cut,Pull,Standing Dumbell Curls,40,1,7,150,
2025-07-08,Cut,Pull,Standing Dumbell Curls,40,2,7,150,
2025-07-08,Cut,Pull,Standing Dumbell Curls,40,3,6,150,
2025-07-08,Cut,Pull,Standing Dumbell Hammer Curls,40,1,20,150,
2025-07-14,Cut,Push,Smith Machine Incline Press,180,1,8,149.4,
2025-07-14,Cut,Push,Smith Machine Incline Press,180,2,6,149.4,
2025-07-14,Cut,Push,Chest Fly,80,1,10,149.4,
2025-07-14,Cut,Push,Chest Fly,80,2,10,149.4,
2025-07-14,Cut,Push,Cable Lateral Raise,45,1,6,149.4,
2025-07-14,Cut,Push,Cable Lateral Raise,40,2,6,149.4,
2025-07-14,Cut,Push,Rope Overhead Tricep,110,1,6,149.4,
2025-07-14,Cut,Push,Rope Overhead Tricep,100,2,6,149.4,
2025-07-14,Cut,Push,Rope Pushdown Tricep,120,1,6,149.4,
2025-07-15,Cut,Pull,Lat Pulldown,190,1,6,148.4,
2025-07-15,Cut,Pull,Lat Pulldown,190,2,8,148.4,
2025-07-15,Cut,Pull,Seated Cable Rows,160,1,8,148.4,
2025-07-15,Cut,Pull,Seated Cable Rows,180,2,8,148.4,
2025-07-15,Cut,Pull,Standing Dumbell Curls,42.5,1,8,148.4,
2025-07-15,Cut,Pull,Standing Dumbell Curls,42.5,2,8,148.4,
2025-07-15,Cut,Pull,Standing Dumbell Hammer Curls,42.5,1,8,148.4,
2025-07-15,Cut,Pull,Standing Dumbell Hammer Curls,42.5,2,8,148.4,
2025-07-17,Cut,Push,Seated Cable Chest Press,150,1,8,149,
2025-07-17,Cut,Push,Seated Cable Chest Press,150,2,8,149,
2025-07-17,Cut,Push,Seated Cable Chest Press,150,3,6,149,
2025-07-17,Cut,Push,Weighted Dips,55,1,8,149,
2025-07-17,Cut,Push,Weighted Dips,55,2,8,149,
2025-07-17,Cut,Pull,Lat Pulldown,170,1,8,149,
2025-07-17,Cut,Pull,Lat Pulldown,190,2,8,149,
2025-07-17,Cut,Pull,Seated Cable Rows,140,1,10,149,
2025-07-17,Cut,Pull,Seated Cable Rows,140,2,8,149,
2025-07-21,Cut,Push,Seated Machine Incline Press,115,1,8,NA,
2025-07-21,Cut,Push,Seated Machine Incline Press,115,2,7,NA,
2025-07-21,Cut,Push,Chest Fly,90,1,10,NA,
2025-07-21,Cut,Push,Chest Fly,90,2,9,NA,
2025-07-21,Cut,Push,Cable Lateral Raise,45,1,5,NA,
2025-07-21,Cut,Push,Cable Lateral Raise,45,2,6,NA,
2025-07-21,Cut,Push,Rope Pushdown Tricep,130,1,6,NA,
2025-07-21,Cut,Push,Rope Pushdown Tricep,120,2,7,NA,
2025-07-21,Cut,Push,Rope Overhead Tricep,110,1,7,NA,
2025-07-21,Cut,Push,Rope Overhead Tricep,100,2,7,NA,
2025-07-28,Cut,Push,Seated Machine Incline Press,125,1,6,148.8,
2025-07-28,Cut,Push,Seated Machine Incline Press,115,1,7,148.8,
2025-07-28,Cut,Push,Seated Cable Chest Press,150,1,8,148.8,
2025-07-28,Cut,Push,Seated Cable Chest Press,150,2,8,148.8,
2025-07-28,Cut,Push,Cable Lateral Raise,40,1,8,148.8,
2025-07-28,Cut,Push,Cable Lateral Raise,40,2,7,148.8,
2025-07-28,Cut,Push,Rope Pushdown Tricep,120,1,10,148.8,
2025-07-28,Cut,Push,Rope Pushdown Tricep,120,2,8,148.8,
2025-07-28,Cut,Push,Rope Overhead Tricep,100,1,6,148.8,
2025-07-29,Cut,Pull,Lat Pulldown,190,1,6,146,
2025-07-29,Cut,Pull,Lat Pulldown,190,2,7,146,
2025-07-29,Cut,Pull,Lat Pulldown,190,3,5,146,
2025-07-29,Cut,Pull,Seated Cable Rows,190,3,5,146,
2025-07-29,Cut,Pull,Cable Pullovers,100,1,8,146,
2025-07-29,Cut,Pull,Cable Pullovers,100,2,8,146,
2025-07-29,Cut,Pull,Isolated Rear Delt Cable,25,1,8,146,
2025-07-29,Cut,Pull,Isolated Rear Delt Cable,25,2,8,146,
2025-07-29,Cut,Pull,Bar Cable Curls,110,1,8,146,
2025-07-29,Cut,Pull,Bar Cable Curls,110,2,8,146,
2025-07-29,Cut,Pull,Bar Cable Curls,110,2,8,146,
2025-07-29,Cut,Pull,Rope Hammer Curls,130,1,8,146,
2025-07-29,Cut,Pull,Rope Hammer Curls,130,2,8,146,
2025-07-31,Cut,Push,Cable Lateral Raise,35,1,8,147,focus on strict form today
2025-07-31,Cut,Push,Cable Lateral Raise,35,2,8,147,focus on strict form today
2025-07-31,Cut,Push,Rope Front Delt Raises,60,1,8,147,focus on strict form today
2025-07-31,Cut,Push,Rope Front Delt Raises,60,2,8,147,focus on strict form today
2025-07-31,Cut,Pull,Reverse Pec Dec Rear Delts,90,1,10,147,focus on strict form today
2025-07-31,Cut,Pull,Reverse Pec Dec Rear Delts,90,2,10,147,focus on strict form today
2025-07-31,Cut,Pull,Seated Machine Preacher Curl,90,1,4,147,focus on strict form today
2025-07-31,Cut,Pull,Seated Machine Preacher Curl,80,2,7,147,focus on strict form today
2025-08-05,Cut,Push,Smith Machine Incline Press,180,1,8,147,
2025-08-05,Cut,Push,Smith Machine Incline Press,180,2,7,147,
2025-08-05,Cut,Push,Pec Dec,140,1,8,147,
2025-08-05,Cut,Push,Pec Dec,140,2,8,147,
2025-08-05,Cut,Pull,T Bar Rows,70,1,8,147,
2025-08-05,Cut,Pull,T Bar Rows,70,2,8,147,rough 8
2025-08-05,Cut,Pull,Seated Cable Rows,170,1,8,147,rough 8
2025-08-11,Cut,Push,Incline Bench Press,165,1,7,145.2,
2025-08-11,Cut,Push,Incline Bench Press,165,2,7,145.2,
2025-08-11,Cut,Push,Chest Fly,90,1,8,145.2,lower focus
2025-08-11,Cut,Push,Chest Fly,90,2,8,145.2,lower focus
2025-08-11,Cut,Push,Isolated Overhead Tricep,45,1,10,145.2,
2025-08-11,Cut,Push,Isolated Overhead Tricep,45,2,8,145.2,
2025-08-11,Cut,Push,Isolated Pushdown Tricep,60,1,5,145.2,
2025-08-11,Cut,Push,Cable Lateral Raise,45,1,4,145.2,
2025-08-11,Cut,Push,Cable Lateral Raise,45,2,6,145.2,
2025-08-12,Cut,Pull,T Bar Rows,80,1,7,NA,
2025-08-12,Cut,Pull,T Bar Rows,80,2,6,NA,
2025-08-12,Cut,Pull,Seated Machine Rows,180,1,8,NA,
2025-08-12,Cut,Pull,Isolated Reverse Pec Dec Rear Delts,100,1,8,NA,
2025-08-12,Cut,Pull,Isolated Reverse Pec Dec Rear Delts,100,2,7,NA,
2025-08-12,Cut,Pull,Standing Dumbell Curls,42.5,1,7,NA,
2025-08-12,Cut,Pull,Standing Dumbell Curls,42.5,2,6,NA,
2025-08-12,Cut,Pull,Standing Dumbell Hammer Curls,42.5,1,10,NA,
2025-08-12,Cut,Pull,Standing Dumbell Hammer Curls,42.5,2,10,NA,
2025-08-14,Cut,Push,Bench Press,205,1,6,NA,
2025-08-14,Cut,Push,Bench Press,205,2,6,NA,
2025-08-16,Cut,Push,Cable Lateral Raise,40,1,7,144,
2025-08-16,Cut,Push,Cable Lateral Raise,40,2,7,144,
2025-08-16,Cut,Push,Cable Lateral Raise,40,3,6,144,
2025-08-16,Cut,Pull,Rear Delt Cable,30,1,7,144,
2025-08-16,Cut,Pull,Rear Delt Cable,25,2,7,144,Did not rest long enough
2025-08-16,Cut,Pull,Rear Delt Cable,25,3,8,144,
2025-08-16,Cut,Push,Military Press,95,1,6,144,
2025-08-16,Cut,Push,Military Press,95,2,6,144,
2025-08-16,Cut,Push,Military Press,95,3,4,144,
2025-08-16,Cut,Push,Standing Dumbell Curls,35,1,8,144,
2025-08-16,Cut,Push,Standing Dumbell Curls,35,2,8,144,
2025-08-16,Cut,Push,Standing Dumbell Curls,35,3,8,144,
2025-08-16,Cut,Push,Rope Overhead Tricep,110,1,6,144,
2025-08-16,Cut,Push,Rope Overhead Tricep,110,2,6,144,
2025-08-16,Cut,Push,Rope Overhead Tricep,110,3,4,144,
2025-08-16,Cut,Push,Rope Pushdown Tricep,110,1,7,144,Didn’t rest long enough
2025-08-16,Cut,Push,Rope Pushdown Tricep,110,2,8,144,
2025-08-16,Cut,Pull,Rope Hammer Curls,130,1,8,144,
2025-08-16,Cut,Pull,Rope Hammer Curls,130,2,8,144,
2025-08-18,Cut,Push,Smith Machine Incline Press,180,1,7,NA,
2025-08-18,Cut,Push,Smith Machine Incline Press,180,2,7,NA,
2025-08-18,Cut,Push,Seated Cable Chest Press,150,1,8,NA,
2025-08-18,Cut,Push,Seated Cable Chest Press,150,2,4,NA,
2025-08-18,Cut,Push,Machine Lateral Raise,100,1,7,NA,
2025-08-18,Cut,Push,Machine Lateral Raise,100,2,6,NA,
2025-08-18,Cut,Push,Machine Lateral Raise,100,3,4,NA,
2025-08-18,Cut,Push,Rope Overhead Tricep,110,1,4,NA,
2025-08-18,Cut,Push,Rope Overhead Tricep,90,2,6,NA,
2025-08-18,Cut,Push,Rope Pushdown Tricep,90,1,10,NA,STRICT
2025-08-21,Cut,Push,Bench Press,205,1,7,NA,
2025-08-21,Cut,Push,Bench Press,205,2,6,NA,
2025-08-21,Cut,Push,Upward Chest Fly,35,1,8,NA,
2025-08-21,Cut,Push,Upward Chest Fly,35,2,7,NA,
2025-08-21,Cut,Pull,T Bar Rows,70,1,8,NA,
2025-08-21,Cut,Pull,T Bar Rows,70,2,5,NA,
2025-08-21,Cut,Pull,Pullups,0,1,10,NA,
2025-08-21,Cut,Pull,Pullups,0,2,8,NA,
2025-08-22,Cut,Push,Cable Lateral Raise,40,1,8,NA,
2025-08-22,Cut,Push,Cable Lateral Raise,40,2,7,NA,
2025-08-22,Cut,Pull,Rear Delt Cable,40,1,6,NA,
2025-08-22,Cut,Pull,Rear Delt Cable,40,2,7,NA,
2025-08-22,Cut,Push,Military Press,95,1,8,NA,
2025-08-22,Cut,Push,Military Press,95,2,5,NA,
2025-08-22,Cut,Push,Smith Machine JM Press,50,1,8,NA,
2025-08-22,Cut,Push,Smith Machine JM Press,50,2,7,NA,
2025-08-22,Cut,Push,Rope Pushdown Tricep,120,1,7,NA,
2025-08-22,Cut,Push,Rope Pushdown Tricep,120,2,5,NA,
2025-08-22,Cut,Pull,Bar Cable Curls,110,1,8,NA,
2025-08-22,Cut,Pull,Bar Cable Curls,120,2,6,NA,
2025-08-22,Cut,Pull,Rope Hammer Curls,130,1,8,NA,
2025-08-25,Cut,Push,Seated Machine Incline Press,115,1,8,141.8,
2025-08-25,Cut,Push,Seated Machine Incline Press,115,2,6,141.8,
2025-08-25,Cut,Push,Chest Fly,100,1,9,141.8,
2025-08-25,Cut,Push,Chest Fly,100,2,8,141.8,
2025-08-25,Cut,Push,Chest Fly,100,3,6,141.8,
2025-08-25,Cut,Push,Cable Lateral Raise,40,1,6,141.8,
2025-08-25,Cut,Push,Cable Lateral Raise,35,2,8,141.8,
2025-08-25,Cut,Push,Isolated Pushdown Tricep,60,1,6,141.8,
2025-08-25,Cut,Push,Isolated Pushdown Tricep,50,2,8,141.8,
2025-08-25,Cut,Push ,Rope Overhead Tricep,100,1,6,141.8,
2025-08-25,Cut,Push ,Rope Overhead Tricep,100,2,7,141.8,
2025-08-25,Cut,Pull,T Bar Rows,80,1,5,NA,
2025-08-26,Cut,Pull,T Bar Rows,70,2,7,NA,
2025-08-26,Cut,Pull,Lat Pulldown,180,1,6,NA,
2025-08-26,Cut,Pull,Lat Pulldown,160,2,7,NA,
2025-08-26,Cut,Pull,Lat Pulldown,160,3,7,NA,
2025-08-26,Cut,Pull,Isolated Rear Delt Cable,40,1,6,NA,
2025-08-26,Cut,Pull,Isolated Rear Delt Cable,35,1,7,NA,
2025-08-26,Cut,Pull,Standing Dumbell Curls,37.5,1,8,NA,
2025-08-26,Cut,Pull,Standing Dumbell Curls,37.5,2,7,NA,
2025-09-02,Cut,Push,Bench Press,205,1,7,NA,
2025-09-02,Cut,Push,Bench Press,205,2,5,NA,
2025-09-02,Cut,Push ,Seated Cable Chest Press,150,1,8,NA,
2025-09-02,Cut,Push ,Seated Cable Chest Press,150,2,5,NA,
2025-09-02,Cut,Push,Dumbell Lateral Raises,30,1,12,NA,
2025-09-02,Cut,Push,Dumbell Lateral Raises,30,2,8,NA,
2025-09-02,Cut,Push,Rope Overhead Tricep,100,1,8,NA,
2025-09-02,Cut,Push,Rope Overhead Tricep,100,2,5,NA,
2025-09-02,Cut,Push,Rope Pushdown Tricep,110,1,6,NA,
2025-09-02,Cut,Push,Rope Pushdown Tricep,110,2,6,NA,
2025-09-05,Cut,Push,Cable Lateral Raise,40,1,6,NA,
2025-09-05,Cut,Push,Cable Lateral Raise,35,2,8,NA,
2025-09-05,Cut,Push,Machine Shoulder Press,160,1,8,NA,
2025-09-05,Cut,Push,Machine Shoulder Press,160,2,8,NA,
2025-09-05,Cut,Push,isolated Reverse Pec Dec Rear Delts,100,1,8,NA,
2025-09-05,Cut,Push,isolated Reverse Pec Dec Rear Delts,120,2,8,NA,
2025-09-05,Cut,Push,Rope Pushdown Tricep,120,1,8,NA,
2025-09-05,Cut,Push,Rope Pushdown Tricep,120,2,8,NA,
2025-09-05,Cut,Push,Rope Overhead Tricep,90,1,7,NA,
2025-09-05,Cut,Push,Rope Overhead Tricep,90,2,6,NA,
2025-09-05,Cut,Pull,Standing Dumbell Curls,37.5,1,8,NA,
2025-09-05,Cut,Pull,Standing Dumbell Curls,37.5,2,8,NA,
2025-09-08,Cut,Push,Smith Machine Incline Press,160,1,8,NA,
2025-09-08,Cut,Push,Smith Machine Incline Press,160,2,8,NA,
2025-09-08,Cut,Push,Smith Machine Incline Press,160,3,8,NA,
2025-09-08,Cut,Push,Seated Cable Chest Press,150,1,6,NA,
2025-09-08,Cut,Push,Seated Cable Chest Press,140,2,6,NA,
2025-09-08,Cut,Push,Seated Cable Chest Press,140,3,5,NA,
2025-09-08,Cut,Push,Cable Lateral Raise,40,1,6,NA,
2025-09-08,Cut,Push,Cable Lateral Raise,40,2,6,NA,
2025-09-08,Cut,Push,Cable Lateral Raise,30,3,8,NA,
2025-09-08,Cut,Push,Rope Overhead Tricep,90,1,4,NA,
2025-09-08,Cut,Push,Rope Overhead Tricep,80,2,5,NA,
2025-09-11,Cut,Push,Bench Press,205,1,6,NA,
2025-09-11,Cut,Push,Bench Press,185,2,8,NA,
2025-09-11,Cut,Push,Pec Dec,130,1,8,NA,
2025-09-11,Cut,Push,Pec Dec,130,2,5,NA,
2025-09-11,Cut,Pull,T Bar Rows,70,1,8,NA,
2025-09-11,Cut,Pull,T Bar Rows,70,2,7,NA,
2025-09-11,Cut,Push,Dumbell Lateral Raises,25,1,15,NA,
2025-09-11,Cut,Push,Dumbell Lateral Raises,25,2,20,NA,
2025-09-11,Cut,Pull,Pullups,0,1,15,NA,
2025-09-11,Cut,Pull,Pullups,0,2,8,NA,
2025-09-22,Cut,Push,Seated Machine Incline Press,115,1,8,138.2,
2025-09-22,Cut,Push,Seated Machine Incline Press,115,2,6,138.2,
2025-09-22,Cut,Push,Seated Machine Incline Press,105,3,4,138.2,
2025-09-22,Cut,Push,Seated Dumbell Curls,30,1,10,138.2,
2025-09-22,Cut,Push,Seated Dumbell Curls,30,2,8,138.2,
2025-09-22,Cut,Push,Seated Dumbell Curls,30,3,8,138.2,
2025-09-22,Cut,Push,Weighted Dips,45,1,12,138.2,
2025-09-22,Cut,Push,Weighted Dips,45,2,11,138.2,
2025-09-22,Cut,Push,Weighted Dips,45,3,8,138.2,
2025-09-23,Cut,Pull,Lat Pulldown,170,1,8,NA,
2025-09-23,Cut,Pull,Lat Pulldown,170,2,8,NA,
2025-09-23,Cut,Pull,Lat Pulldown,170,3,7,NA,
2025-09-23,Cut,Pull,Barbell Rows,185,1,6,NA,
2025-09-23,Cut,Pull,Barbell Rows,155,2,12,NA,
2025-09-23,Cut,Push,Dumbell Lateral Raises,25,1,15,NA,
2025-09-23,Cut,Push,Dumbell Lateral Raises,25,2,15,NA,
2025-09-23,Cut,Push,Dumbell Lateral Raises,25,3,15,NA,
2025-09-23,Cut,Pull,Rear Delt Cable,35,1,8,NA,
2025-09-23,Cut,Pull,Rear Delt Cable,35,2,8,NA,
2025-09-23,Cut,Push,Isolated Pushdown Tricep,45,1,8,NA,
2025-09-23,Cut,Push,Isolated Pushdown Tricep,45,2,8,NA,
2025-09-23,Cut,Push,Kickback Tricep,35,1,8,NA,
2025-09-23,Cut,Push,Kickback Tricep,35,1,8,NA,
2025-10-02,Cut,Push,Smith Machine Incline Press,140,1,8,138,Got sick but we back
2025-10-02,Cut,Push,Smith Machine Incline Press,140,2,8,138,
2025-10-02,Cut,Push,Smith Machine Incline Press,140,3,6,138,
2025-10-02,Cut,Push,Seated Machine Incline Press,130,1,7,138,
2025-10-02,Cut,Push,Seated Machine Incline Press,130,2,6,138,
2025-10-02,Cut,Push,Seated Machine Incline Press,130,3,6,138,
2025-10-02,Cut,Push,Dumbell Lateral Raises,27.5,1,10,138,
2025-10-02,Cut,Push,Dumbell Lateral Raises,27.5,2,10,138,
2025-10-02,Cut,Push,Dumbell Lateral Raises,27.5,3,10,138,
2025-10-02,Cut,Push,Bar Pushdown Tricep,100,1,8,138,
2025-10-02,Cut,Push,Bar Pushdown Tricep,110,2,8,138,
2025-10-02,Cut,Push,Bar Pushdown Tricep,110,3,8,138,
2025-10-02,Cut,Push,Bar Overhead Tricep,100,1,8,138,
2025-10-02,Cut,Push,Bar Overhead Tricep,70,2,8,138,
2025-10-02,Cut,Push,Bar Overhead Tricep,70,3,8,138,
2025-10-06,Cut,Push,Seated Machine Incline Press,90,1,10,137.5,
2025-10-06,Cut,Push,Seated Machine Incline Press,90,2,9,137.5,
2025-10-06,Cut,Push,Seated Machine Incline Press,90,3,9,137.5,
2025-10-06,Cut,Push,Seated Cable Chest Press,120,1,8,137.5,
2025-10-06,Cut,Push,Seated Cable Chest Press,120,2,8,137.5,
2025-10-06,Cut,Push,Seated Cable Chest Press,120,3,8,137.5,
2025-10-07,Cut,Pull,Pullups,0,1,15,NA,
2025-10-07,Cut,Pull,Pullups,0,2,12,NA,
2025-10-07,Cut,Pull,Pullups,0,3,9,NA,
2025-10-07,Cut,Pull,Cable Pullovers,100,1,8,NA,
2025-10-07,Cut,Pull,Cable Pullovers,100,2,8,NA,
2025-10-07,Cut,Pull,Cable Pullovers,100,3,8,NA,
2025-10-07,Cut,Pull,Isolated Rear Delt Cable,25,1,8,NA,
2025-10-07,Cut,Pull,Isolated Rear Delt Cable,25,2,8,NA,
2025-10-07,Cut,Pull,Isolated Rear Delt Cable,30,3,8,NA,
2025-10-07,Cut,Pull,Standing Dumbell Curls,37.5,1,8,NA,
2025-10-07,Cut,Pull,Standing Dumbell Curls,37.5,2,8,NA,
2025-10-07,Cut,Pull,Standing Dumbell Curls,37.5,3,6,NA,
2025-10-07,Cut,Pull,Seated Dumbell Hammer Curls,25,1,12,NA,
2025-10-07,Cut,Pull,Seated Dumbell Hammer Curls,25,2,12,135.8,
2025-10-10,Cut,Push,Cable Lateral Raise,40,1,4,135.8,
2025-10-10,Cut,Push,Cable Lateral Raise,35,2,6,135.8,
2025-10-10,Cut,Push,Cable Lateral Raise,35,3,6,135.8,
2025-10-10,Cut,Pull,Reverse Pec Dec Rear Delts,170,1,6,135.8,
2025-10-10,Cut,Pull,Reverse Pec Dec Rear Delts,170,2,6,135.8,
2025-10-10,Cut,Pull,Reverse Pec Dec Rear Delts,165,3,5,135.8,
2025-10-10,Cut,Pull,Seated Dumbell Curls,30,1,8,135.8,
2025-10-10,Cut,Pull,Seated Dumbell Curls,30,2,8,135.8,
2025-10-10,Cut,Pull,Seated Dumbell Curls,30,3,8,135.8,
2025-10-10,Cut,Pull,Rope Hammer Curls,130,1,6,135.8,
2025-10-10,Cut,Pull,Rope Hammer Curls,130,2,6,135.8,
2025-10-10,Cut,Push,Kickback Tricep,50,1,8,135.8,
2025-10-10,Cut,Push,Kickback Tricep,50,2,8,135.8,
2025-10-14,Cut,Push,Seated Machine Incline Press,115,1,8,135.8,
2025-10-14,Cut,Push,Seated Machine Incline Press,115,2,5,135.8,
2025-10-14,Cut,Push,Seated Machine Incline Press,115,3,3,135.8,
2025-10-14,Cut,Push,Dumbell Lateral Raises,25,1,15,135.8,
2025-10-14,Cut,Push,Dumbell Lateral Raises,25,2,15,135.8,
2025-10-14,Cut,Push,Dumbell Lateral Raises,25,3,15,135.8,
2025-10-14,Cut,Push,Bench Press,155,1,7,135.8,
2025-10-14,Cut,Push,Bench Press,155,2,6,135.8,
2025-10-14,Cut,Push,Bench Press,155,3,6,135.8,
2025-10-14,Cut,Push,Rope Overhead Tricep,80,1,8,135.8,
2025-10-14,Cut,Push,Rope Overhead Tricep,90,2,6,135.8,
2025-10-14,Cut,Push,Rope Pushdown Tricep,110,1,6,135.8,
2025-10-14,Cut,Push,Rope Pushdown Tricep,100,2,8,135.8,
2025-10-15,Cut,Legs,Leg Press,270,1,10,136.9,
2025-10-15,Cut,Legs,Leg Press,270,2,10,136.9,
2025-10-15,Cut,Legs,Leg Press,270,3,10,136.9,
2025-10-15,Cut,Legs,Leg Extenstions,170,1,9,136.9,
2025-10-15,Cut,Legs,Leg Extenstions,170,2,10,136.9,
2025-10-15,Cut,Legs,Leg Extenstions,170,3,10,136.9,
2025-10-15,Cut,Legs,Lying Leg Curls,100,1,10,136.9,
2025-10-15,Cut,Legs,Lying Leg Curls,100,2,9,136.9,
2025-10-16,Cut,Pull,Pullups,0,1,18,NA,
2025-10-16,Cut,Pull,Pullups,0,1,12,NA,
2025-10-16,Cut,Pull,Pullups,0,1,8,NA,
2025-10-17,Cut,Push,Seated Military Press,95,1,12,NA,
2025-10-17,Cut,Push,Seated Military Press,95,2,12,NA,
2025-10-17,Cut,Push,Cable Lateral Raise,35,1,8,NA,
2025-10-17,Cut,Push,Cable Lateral Raise,35,2,7,NA,
2025-10-17,Cut,Pull,Rear Delt Cable,35,1,6,NA,
2025-10-17,Cut,Pull,Rear Delt Cable,25,2,8,NA,
2025-10-17,Cut,Push,Tricep Kickback,45,1,8,NA,
2025-10-17,Cut,Push,Tricep Kickback,50,2,6,NA,
2025-10-17,Cut,Push,Bar Pushdown Tricep,110,1,8,NA,
2025-10-17,Cut,Push,Bar Pushdown Tricep,110,2,8,NA,
2025-10-22,Cut,Push,Seated Machine Incline Press,115,1,8,136,
2025-10-22,Cut,Push,Seated Machine Incline Press,115,2,6,136,
2025-10-22,Cut,Push,Chest Fly,90,1,11,136,
2025-10-22,Cut,Push,Chest Fly,90,2,10,136,
2025-10-22,Cut,Push,Chest Fly,90,3,8,136,
2025-10-22,Cut,Push,Dumbell Lateral Raises,27.5,1,15,136,
2025-10-22,Cut,Push,Dumbell Lateral Raises,27.5,2,15,136,
2025-10-22,Cut,Push,Dumbell Lateral Raises,27.5,3,10,136,
2025-10-22,Cut,Push,Tricep Kickback,45,1,8,136,
2025-10-22,Cut,Push,Tricep Kickback,45,2,8,136,
2025-10-23,Cut,Push,Lat Pulldown,180,1,8,NA,
2025-10-23,Cut,Push,Lat Pulldown,180,2,8,NA,
2025-10-23,Cut,Push,Seated Cable Rows,160,1,8,NA,
2025-10-23,Cut,Push,Seated Cable Rows,160,2,8,NA,
2025-10-23,Cut,Push,Rear Delt Cable,30,1,8,NA,
2025-10-23,Cut,Push,Rear Delt Cable,30,2,6,NA,
2025-10-23,Cut,Push,Standing Dumbell Curls,35,1,8,NA,
2025-10-23,Cut,Push,Standing Dumbell Curls,35,2,8,NA,
2025-10-23,Cut,Push,Standing Dumbell Curls,35,3,8,NA,
2025-10-23,Cut,Push,Standing Dumbell Hammer Curls,35,1,20,NA,
2025-10-23,Cut,Push,Standing Dumbell Hammer Curls,35,2,22,NA,
2025-10-27,Cut,Push,Smith Machine Incline Press,160,1,8,135.4,
2025-10-27,Cut,Push,Smith Machine Incline Press,160,2,7,135.4,
2025-10-27,Cut,Push,Smith Machine Incline Press,160,3,5,135.4,
2025-10-27,Cut,Push,Chest Fly,90,1,12,135.4,
2025-10-27,Cut,Push,Chest Fly,90,2,11,135.4,
2025-10-27,Cut,Push,Chest Fly,90,3,10,135.4,
2025-10-27,Cut,Push,Cable Lateral Raise,40,1,8,135.4,
2025-10-27,Cut,Push,Cable Lateral Raise,40,2,6,135.4,
2025-10-27,Cut,Push,Cable Lateral Raise,35,3,6,135.4,
2025-10-27,Cut,Push,Rope Overhead Tricep,110,1,4,135.4,
2025-10-27,Cut,Push,Rope Overhead Tricep,110,2,6,135.4,
2025-10-27,Cut,Push,Rope Pushdown Tricep,100,1,8,135.4,
2025-10-27,Cut,Push,Rope Pushdown Tricep,100,2,6,135.4,
2025-10-28,Cut,Pull,T Bar Rows,80,1,6,135.1,
2025-10-28,Cut,Pull,T Bar Rows,70,2,7,135.1,
2025-10-28,Cut,Pull,T Bar Rows,70,3,6,135.1,
2025-10-28,Cut,Pull,Seated Cable Rows,150,1,8,135.1,
2025-10-28,Cut,Pull,Seated Cable Rows,150,2,8,135.1,
2025-10-28,Cut,Pull,Seated Cable Rows,150,3,8,135.1,
2025-10-28,Cut,Pull,Rear Delt Cable,30,1,8,135.1,
2025-10-28,Cut,Pull,Rear Delt Cable,30,2,8,135.1,
2025-10-28,Cut,Pull,Rear Delt Cable,30,3,8,135.1,
2025-10-28,Cut,Pull,Bar Cable Curls,120,1,7,135.1,
2025-10-28,Cut,Pull,Bar Cable Curls,110,2,8,135.1,
